{"cameraMode":{"drawMode":0,"name":"Shaded","section":"Shading Mode"},"sceneLighting":false,"audioPlay":false,"sceneViewState":{"showFog":true,"showMaterialUpdate":false,"showSkybox":false,"showFlares":true,"showImageEffects":true,"showParticleSystems":true},"in2DMode":false,"pivot":{"x":-2.499998092651367,"y":-1.1874998807907105,"z":2.4999990463256838},"rotation":{"x":0.2289241999387741,"y":0.7670281529426575,"z":-0.4663837254047394,"w":0.37649571895599368},"size":3.7712953090667726,"orthographic":false}