{"cameraMode":{"drawMode":0,"name":"Shaded","section":"Shading Mode"},"sceneLighting":true,"audioPlay":false,"sceneViewState":{"showFog":true,"showMaterialUpdate":false,"showSkybox":true,"showFlares":true,"showImageEffects":true,"showParticleSystems":true},"in2DMode":false,"pivot":{"x":0.008614420890808106,"y":6.007142066955566,"z":3.755112648010254},"rotation":{"x":0.04828209429979324,"y":0.01947201043367386,"z":-0.0009408984333276749,"w":0.998650074005127},"size":8.046310424804688,"orthographic":false}