{"cameraMode":{"drawMode":0,"name":"Shaded","section":"Shading Mode"},"sceneLighting":true,"audioPlay":false,"sceneViewState":{"showFog":true,"showMaterialUpdate":false,"showSkybox":true,"showFlares":true,"showImageEffects":true,"showParticleSystems":true},"in2DMode":false,"pivot":{"x":-64.0257797241211,"y":-115.2260513305664,"z":-360.05633544921877},"rotation":{"x":0.009231794625520707,"y":-0.9880667924880981,"z":0.13905400037765504,"w":0.06559615582227707},"size":493.68121337890627,"orthographic":false}