{"cameraMode":{"drawMode":0,"name":"Shaded","section":"Shading Mode"},"sceneLighting":true,"audioPlay":false,"sceneViewState":{"showFog":true,"showMaterialUpdate":false,"showSkybox":true,"showFlares":true,"showImageEffects":true,"showParticleSystems":true},"in2DMode":false,"pivot":{"x":294.22796630859377,"y":1.6514549255371094,"z":230.56524658203126},"rotation":{"x":0.14404082298278809,"y":0.6846737265586853,"z":-0.14079512655735017,"w":0.7004708051681519},"size":16.07609748840332,"orthographic":false}