{"cameraMode":{"drawMode":0,"name":"Shaded","section":"Shading Mode"},"sceneLighting":true,"audioPlay":false,"sceneViewState":{"showFog":true,"showMaterialUpdate":true,"showSkybox":true,"showFlares":true,"showImageEffects":true,"showParticleSystems":true},"in2DMode":false,"pivot":{"x":8.67246150970459,"y":15.32282829284668,"z":-2.064065456390381},"rotation":{"x":-0.2304960936307907,"y":0.11702105402946472,"z":-0.02793053351342678,"w":-0.9656098484992981},"size":11.02092456817627,"orthographic":false}